runnumber,dst_calo,dst_calofitting,dst_jetcalo,DST_Jet
47289,6720550.0,6720550.0,369277.0,369277.0
47293,5084980.0,5084980.0,305857.0,305857.0
47306,5719290.0,5719290.0,225834.0,225834.0
47310,14632660.0,14632660.0,548369.0,548369.0
47313,30726420.0,30726420.0,1128304.0,1128304.0
47314,21506795.0,21506795.0,702195.0,702195.0
47315,6131039.0,6131039.0,235355.0,235355.0
47316,12822210.0,12822210.0,409988.0,409988.0
47333,5624678.0,5624678.0,228592.0,228592.0
47334,11549860.0,11549860.0,384950.0,384950.0
47352,28861669.0,28861669.0,1052505.0,1052505.0
47357,6904946.0,6904946.0,253322.0,253322.0
47360,27332300.0,27332300.0,937812.0,937812.0
47363,39632700.0,39632700.0,1291413.0,1291413.0
47376,20736110.0,20736110.0,924344.0,924344.0
47377,8039350.0,8039350.0,324715.0,324715.0
47378,39620110.0,39620110.0,1558770.0,1558770.0
47379,10224416.0,10224416.0,373834.0,373834.0
47380,3928609.0,3928609.0,140783.0,140783.0
47381,11545390.0,11545390.0,412127.0,412127.0
47382,7126980.0,7126980.0,248276.0,248276.0
47391,17657960.0,17657960.0,768139.0,768139.0
47393,4778877.0,4778877.0,203511.0,203511.0
47394,4484720.0,4484720.0,190560.0,190560.0
47395,16593637.0,16593637.0,673780.0,673780.0
47396,22163668.0,22163668.0,898203.0,898203.0
47440,40026579.0,40026579.0,1789872.0,1789872.0
47454,25471945.0,25471945.0,1405611.0,1405611.0
47457,18796949.0,18796949.0,766784.0,766784.0
47458,38021740.0,38021740.0,1533885.0,1533885.0
47459,3624779.0,3624779.0,144898.0,144898.0
47461,40554813.0,40554813.0,1385383.0,1385383.0
47463,36542474.0,36542474.0,1182198.0,1182198.0
47464,15272340.0,15272340.0,494620.0,494620.0
47474,13365619.0,13365619.0,782337.0,782337.0
47478,37524828.0,37524828.0,1739631.0,1739631.0
47480,15404570.0,15404570.0,595200.0,595200.0
47481,3921170.0,3921170.0,137756.0,137756.0
47482,6519010.0,6519010.0,225904.0,225904.0
47484,5935350.0,5935350.0,196279.0,196279.0
47485,6458639.0,6458639.0,199976.0,199976.0
47489,39845357.0,39845357.0,1181253.0,1181253.0
47491,40737989.0,40737989.0,1038207.0,1038207.0
47492,11739580.0,11739580.0,289763.0,289763.0
47494,4286440.0,4286440.0,105183.0,105183.0
47495,29824665.0,29824665.0,734410.0,734410.0
47497,3648460.0,3648460.0,90663.0,90663.0
47501,39135550.0,39135550.0,2180070.0,2180070.0
47502,35040939.0,35040939.0,1838772.0,1838772.0
47503,30045178.0,30045178.0,1298027.0,1298027.0
47506,39187938.0,39187938.0,1597639.0,1597639.0
47507,17676170.0,17676170.0,729192.0,729192.0
47509,23086659.0,23086659.0,869472.0,869472.0
47513,11141058.0,11141058.0,902649.0,902649.0
47514,13610498.0,13610498.0,918486.0,918486.0
47516,32398639.0,32398639.0,1947822.0,1947822.0
47517,34272007.0,34272007.0,1425340.0,1425340.0
47519,18167076.0,18167076.0,677089.0,677089.0
47521,41850486.0,41850486.0,1455254.0,1455254.0
47522,14458990.0,14458990.0,469460.0,469460.0
47524,29910170.0,29910170.0,953669.0,953669.0
47525,9515749.0,9515749.0,297447.0,297447.0
47540,37521574.0,37521574.0,1632969.0,1632969.0
47547,3466469.0,3466469.0,128384.0,128384.0
47549,27501838.0,27501838.0,981339.0,981339.0
47552,43523390.0,43523390.0,1581895.0,1581895.0
47557,22079110.0,22079110.0,1592533.0,1592533.0
47568,15771840.0,15771840.0,700618.0,700618.0
47582,18198508.0,18198508.0,1457072.0,1457072.0
47601,5982390.0,5982390.0,326130.0,326130.0
47628,4623259.0,4623259.0,215746.0,215746.0
47634,20822268.0,20822268.0,946689.0,946689.0
47635,33440110.0,33440110.0,1451282.0,1451282.0
47636,10424785.0,10424785.0,456428.0,456428.0
47637,37195050.0,37195050.0,1645699.0,1645699.0
47638,10285470.0,10285470.0,399748.0,399748.0
47650,12945162.0,12945162.0,1003929.0,1003929.0
47657,13304839.0,13304839.0,850277.0,850277.0
47658,30415438.0,30415438.0,1915539.0,1915539.0
47659,7225388.0,7225388.0,397243.0,397243.0
47661,18810419.0,18810419.0,998131.0,998131.0
47662,12285377.0,12285377.0,612852.0,612852.0
47664,24022096.0,24022096.0,1168970.0,1168970.0
47666,14355957.0,14355957.0,613244.0,608996.0
47667,16773929.0,16773930.0,706365.0,706365.0
47714,17087369.0,17087369.0,1449295.0,1449295.0
47715,5967590.0,5967590.0,374931.0,374931.0
47716,7018239.0,7018239.0,400320.0,400320.0
47719,10342040.0,10342040.0,626627.0,626627.0
47720,28713109.0,28713109.0,1577175.0,1577175.0
47722,22422789.0,22422789.0,1132748.0,1132748.0
47723,24360580.0,24360580.0,1131156.0,1131156.0
47724,28327230.0,28327230.0,1216563.0,1216563.0
47725,8225180.0,8225180.0,349632.0,349632.0
47726,39941808.0,39941808.0,1576729.0,1576729.0
47727,11305640.0,11305640.0,723400.0,723400.0
47730,5903960.0,5903960.0,215989.0,215989.0
47732,40013800.0,40013800.0,1445341.0,1445341.0
47733,40286210.0,40286210.0,1396825.0,1396825.0
47783,3575500.0,3575500.0,297493.0,297493.0
47791,16868849.0,16868849.0,1449459.0,1449459.0
47810,31948289.0,31948289.0,1739614.0,1739614.0
47824,20538620.0,20538620.0,1000582.0,1000582.0
47831,5838820.0,5838820.0,261080.0,261080.0
47834,13734540.0,13734540.0,613137.0,613137.0
47836,9066300.0,9066300.0,393574.0,393574.0
47852,5328179.0,5328179.0,221626.0,221626.0
47856,6802849.0,6802849.0,286045.0,286045.0
47869,7244820.0,7244820.0,297112.0,297112.0
47873,20681337.0,20681337.0,853261.0,853261.0
47889,28899399.0,28899399.0,2111284.0,2111284.0
47890,9924988.0,9924988.0,651630.0,651630.0
47892,18672308.0,18672308.0,1169806.0,1169806.0
47893,9679019.0,9679020.0,554168.0,554168.0
47940,1210199.0,1210199.0,109871.0,109871.0
47944,1222298.0,1222298.0,89124.0,89124.0
47946,1190027.0,1190027.0,59651.0,59651.0
47972,27217137.0,27217137.0,3124094.0,3124094.0
47975,3048152.0,3048152.0,218369.0,218369.0
47976,15963569.0,15963569.0,974689.0,974689.0
47977,3700612.0,3700612.0,215597.0,215597.0
47978,19887989.0,19887989.0,1099015.0,1099015.0
47979,14775266.0,14775266.0,757160.0,757160.0
47982,12581802.0,12581802.0,593114.0,593114.0
47999,13743220.0,13743220.0,820828.0,820828.0
48001,9755446.0,9755446.0,627033.0,627033.0
48002,24790752.0,24790752.0,1572857.0,1572857.0
48008,21461413.0,21461413.0,925993.0,925993.0
48011,21132603.0,21132603.0,939359.0,939359.0
48073,4119990.0,4119990.0,241312.0,241312.0
48079,6529836.0,6529836.0,256516.0,256516.0
48082,6352585.0,6352585.0,289442.0,289442.0
48084,21524253.0,21524253.0,1091593.0,1091593.0
48085,8538127.0,8538127.0,411882.0,411882.0
48086,15139504.0,15139504.0,706242.0,706242.0
48089,14840577.0,14840577.0,803179.0,803179.0
48097,7041361.0,7041361.0,351984.0,351984.0
48099,13962946.0,13962946.0,570786.0,570786.0
48166,1760819.0,1760819.0,,
48181,10527483.0,10527483.0,823752.0,823752.0
48185,4515290.0,4515290.0,350191.0,350191.0
48230,3373933.0,3373933.0,448489.0,448489.0
48233,8469179.0,8469179.0,920092.0,920092.0
48236,11399463.0,11399463.0,1034203.0,1034203.0
48237,15690101.0,15690101.0,1315580.0,1315580.0
48239,11889367.0,11889367.0,911725.0,911725.0
48240,12195273.0,12195273.0,921048.0,921048.0
48244,3407086.0,3407086.0,1921.0,1921.0
48245,5082059.0,5082059.0,358792.0,358792.0
48246,14140618.0,14140618.0,999948.0,999948.0
48253,5674417.0,5674417.0,1092892.0,1092892.0
48255,14829264.0,14829264.0,2030423.0,2030423.0
48256,13256204.0,13256204.0,1459242.0,1459242.0
48257,12356528.0,12356528.0,1195905.0,1195905.0
48258,11738545.0,11738545.0,1062895.0,1062895.0
48259,7215780.0,7215780.0,619594.0,619594.0
48260,11078179.0,11078179.0,921117.0,921117.0
48261,3229514.0,3229514.0,264219.0,264219.0
48262,10579241.0,10579241.0,846536.0,846536.0
48263,7692166.0,7692166.0,623593.0,623593.0
48265,9972526.0,9972526.0,798300.0,798300.0
48290,17588847.0,17588847.0,1346370.0,1346370.0
48291,15859168.0,15859168.0,1112599.0,1112599.0
48293,16900237.0,16900237.0,1052162.0,1052162.0
48294,15089975.0,15089975.0,1031160.0,1031160.0
48295,8900105.0,8900105.0,502994.0,502994.0
48307,2346043.0,2346043.0,326199.0,326199.0
48312,11388118.0,11388118.0,1492339.0,1492339.0
48313,5814285.0,5814285.0,601564.0,601564.0
48318,2580614.0,2580614.0,164140.0,164140.0
48320,5552041.0,5552041.0,463690.0,463690.0
48323,11356499.0,11356499.0,869037.0,869037.0
48325,16390360.0,16390360.0,790362.0,790362.0
48326,8930329.0,8930329.0,432258.0,432258.0
48327,2202476.0,2202476.0,105044.0,105044.0
48336,7107088.0,7107088.0,616760.0,616760.0
48337,2834516.0,2834516.0,276082.0,276082.0
48341,2697407.0,2697407.0,212298.0,212298.0
48342,10751720.0,10751720.0,833162.0,833162.0
48343,4273824.0,4273824.0,300219.0,300219.0
48346,15621321.0,15621321.0,961182.0,961182.0
48347,5307378.0,5307378.0,434227.0,434227.0
48348,15462002.0,15462002.0,911397.0,911397.0
48349,3552811.0,3552811.0,223637.0,223637.0
48352,13979391.0,13979391.0,787689.0,787689.0
48356,16144795.0,16144795.0,1873902.0,1873902.0
48358,16143003.0,16143003.0,1334024.0,1334024.0
48359,15768813.0,15768813.0,1190797.0,1190797.0
48366,11743794.0,11743794.0,846824.0,846824.0
48367,15400270.0,15400270.0,862498.0,862498.0
48368,15403353.0,15403353.0,834945.0,834945.0
48369,12313898.0,12313898.0,686952.0,686952.0
48398,6591818.0,6591818.0,489950.0,489950.0
48409,16535100.0,16535100.0,1086292.0,1086292.0
48410,19228808.0,19228808.0,1168747.0,1168747.0
48412,15085591.0,15085591.0,942887.0,942887.0
48416,8391940.0,8391940.0,550948.0,550948.0
48417,14363047.0,14363047.0,855764.0,855764.0
48418,2724336.0,2724336.0,182021.0,182021.0
48421,13376051.0,13376051.0,636684.0,636684.0
48423,4346537.0,4346537.0,220973.0,220973.0
48455,9121182.0,9121182.0,1087383.0,1087383.0
48456,3644842.0,3644842.0,368591.0,368591.0
48461,14638104.0,14638104.0,1164837.0,1164837.0
48462,15148388.0,15148388.0,1072967.0,1072967.0
48469,17253173.0,17253173.0,879057.0,879057.0
48471,2829465.0,2829465.0,142293.0,142293.0
48510,5871902.0,5871902.0,481281.0,481281.0
48511,5429108.0,5429108.0,520424.0,520424.0
48512,6222812.0,6222812.0,560786.0,560786.0
48513,14287516.0,14287516.0,1241338.0,1241338.0
48514,8386306.0,8386306.0,711324.0,711324.0
48516,7725900.0,7725900.0,658888.0,658888.0
48518,14066397.0,14066397.0,953806.0,953806.0
48519,8578018.0,8578018.0,586601.0,586601.0
48520,14653386.0,14653386.0,996767.0,996767.0
48521,14325676.0,14325676.0,994220.0,994220.0
48522,14914427.0,14914427.0,1013304.0,1013304.0
48529,5227741.0,5227741.0,374433.0,374433.0
48530,13022494.0,13022494.0,886224.0,886224.0
48531,12584270.0,12584270.0,891691.0,891691.0
48532,12775437.0,12775437.0,860388.0,860388.0
48533,9035938.0,9035938.0,645595.0,645595.0
48635,15778847.0,15778847.0,1453281.0,1453281.0
48636,14874248.0,14874248.0,1346094.0,1346094.0
48645,12653782.0,12653782.0,1131397.0,1131397.0
48656,4057784.0,4057784.0,385948.0,385948.0
48657,11165024.0,11165024.0,1098547.0,1098547.0
48658,11321305.0,11321305.0,1079196.0,1079196.0
48660,7978908.0,7978908.0,758598.0,758598.0
48701,9937365.0,9937365.0,1178627.0,1178627.0
48720,12040229.0,12040229.0,998094.0,998094.0
48721,7694751.0,7694751.0,557723.0,557723.0
48722,24807146.0,24807146.0,1775653.0,1775653.0
48725,17624043.0,17624043.0,1263282.0,1263282.0
48726,20003887.0,20003887.0,1463091.0,1463091.0
48727,26240720.0,26240720.0,1948523.0,1948523.0
48731,16667788.0,16667788.0,2121812.0,2121812.0
48732,3237923.0,3237923.0,363646.0,363646.0
48734,13992241.0,13992241.0,1148370.0,1148370.0
48742,13742096.0,13742096.0,656200.0,656200.0
48743,9097215.0,9097215.0,525177.0,525177.0
48745,4537268.0,4537268.0,231041.0,231041.0
48746,3414597.0,3414597.0,190089.0,190089.0
48801,19339817.0,19339817.0,2137657.0,2137657.0
48803,9973511.0,9973511.0,748115.0,748115.0
48805,14495299.0,14495299.0,1062087.0,1062087.0
48806,3228601.0,3228601.0,236086.0,236086.0
48807,20425462.0,20425462.0,1490128.0,1490128.0
48810,4654495.0,4654495.0,353461.0,353461.0
48813,11762732.0,11762732.0,913958.0,913958.0
48824,9693073.0,9693073.0,1225510.0,1225510.0
48826,15094997.0,15094997.0,1595492.0,1595492.0
48828,29801502.0,29801502.0,2236115.0,2236115.0
48829,7655954.0,7655954.0,481917.0,481917.0
48832,16699447.0,16699447.0,1329863.0,1329863.0
48836,27611203.0,27611203.0,1442265.0,1442265.0
48838,17865696.0,17865696.0,949922.0,949922.0
48839,19163872.0,19163872.0,1033386.0,1033386.0
48863,5042720.0,5042720.0,580097.0,580097.0
48864,15553500.0,15553500.0,1687646.0,1687646.0
48865,9991310.0,9991310.0,1007436.0,1007436.0
48867,6128440.0,6128440.0,502507.0,502507.0
48883,4128080.0,4128080.0,415636.0,415636.0
48885,2569410.0,2569410.0,249962.0,249962.0
48891,20467310.0,20467310.0,1221631.0,1221631.0
48892,7419780.0,7419780.0,415064.0,415064.0
48893,6151130.0,6151130.0,334447.0,334447.0
48894,4299240.0,4299240.0,229565.0,229565.0
48895,14010340.0,14010340.0,719131.0,719131.0
48897,13988920.0,13988920.0,707915.0,707915.0
48899,17980380.0,17980380.0,889252.0,889252.0
48900,6936069.0,6936069.0,319762.0,319762.0
48901,5655190.0,5655190.0,253624.0,253624.0
48902,27181199.0,27181199.0,1215653.0,1215653.0
48903,24222520.0,24222520.0,1002453.0,1002453.0
48935,7538170.0,7538170.0,719942.0,719942.0
48938,7741308.0,7741308.0,630843.0,630843.0
48940,6332200.0,6332200.0,451886.0,451886.0
48943,30850469.0,30850469.0,2103922.0,2103922.0
48946,16852340.0,16852340.0,1187800.0,1187800.0
48949,19495930.0,19495930.0,1450426.0,1450426.0
48951,7438000.0,7438000.0,563165.0,563165.0
48971,6076860.0,6076860.0,759080.0,759080.0
48982,7457660.0,7457660.0,667130.0,667130.0
48983,22871169.0,22871169.0,1991776.0,1991776.0
48984,10298580.0,10298580.0,782167.0,782167.0
48985,22168430.0,22168430.0,1955700.0,1955700.0
48986,13798408.0,13798408.0,656865.0,656865.0
48987,4965080.0,4965080.0,257680.0,257680.0
48988,26941890.0,26941890.0,1414844.0,1414844.0
48990,10018030.0,10018030.0,433263.0,433263.0
48991,29257309.0,29257309.0,1213314.0,1213314.0
49023,10397867.0,10397867.0,1180292.0,1180292.0
49026,5689726.0,5689726.0,402225.0,402225.0
49027,5065436.0,5065436.0,330590.0,330590.0
49029,5901698.0,5901698.0,346219.0,346219.0
49030,6855118.0,6855118.0,444864.0,444864.0
49031,6690583.0,6690583.0,418347.0,418347.0
49035,6341610.0,6341610.0,89109.0,89109.0
49038,8884514.0,8884514.0,122609.0,122609.0
49042,10448337.0,10448337.0,157723.0,157723.0
49045,13229374.0,13229374.0,156787.0,156787.0
49048,2622208.0,2622208.0,31330.0,31330.0
49053,14259943.0,14259943.0,149901.0,149901.0
49054,12375579.0,12375579.0,131598.0,131598.0
49060,4165676.0,4165676.0,422756.0,422756.0
49061,4829232.0,4829232.0,249347.0,249347.0
49062,13377826.0,13377826.0,766927.0,766927.0
49063,6150231.0,6150231.0,355393.0,355393.0
49065,20471326.0,20471326.0,1057882.0,1057882.0
49066,10528138.0,10528138.0,496049.0,496049.0
49067,11814095.0,11814095.0,567921.0,567921.0
49069,23635275.0,23635275.0,1087349.0,1087349.0
49070,11835916.0,11835916.0,548357.0,548357.0
49071,11464083.0,11464083.0,490224.0,490224.0
49072,9977126.0,9977126.0,429411.0,429411.0
49073,6661235.0,6661235.0,269735.0,269735.0
49098,2538626.0,2538626.0,271275.0,271275.0
49099,15845130.0,15845130.0,1449770.0,1449770.0
49100,8187108.0,8187108.0,687457.0,687457.0
49111,13609283.0,13609283.0,793942.0,793942.0
49113,10350250.0,10350250.0,558372.0,558372.0
49116,29199509.0,29199509.0,1434452.0,1434452.0
49118,10424209.0,10424209.0,487964.0,487964.0
49121,15257548.0,15257548.0,1723791.0,1723791.0
49125,20711466.0,20711466.0,1769994.0,1769994.0
49127,29790650.0,29790650.0,2092192.0,2092192.0
49128,4510138.0,4510138.0,266990.0,266990.0
49133,10293724.0,10293724.0,529565.0,529565.0
49136,32241325.0,32241325.0,1599808.0,1599808.0
49138,11860879.0,11860879.0,482924.0,482924.0
49140,11449936.0,11449936.0,493461.0,493461.0
49141,26268368.0,26268368.0,1060165.0,1060165.0
49143,5575441.0,5575441.0,230593.0,230593.0
49148,7176230.0,7176230.0,296937.0,296937.0
49157,8987699.0,8987699.0,323792.0,323792.0
49159,19526049.0,19526049.0,721761.0,721761.0
49165,8617769.0,8617769.0,300008.0,300008.0
49217,7704744.0,7704744.0,1235844.0,1235844.0
49218,4695273.0,4695273.0,600261.0,600261.0
49219,25647408.0,25647408.0,2808701.0,2808701.0
49224,5384713.0,5384713.0,412114.0,412114.0
49226,9670432.0,9670432.0,,
49227,14372410.0,14372410.0,,
49228,19595714.0,19595714.0,,
49229,7345057.0,7345057.0,474005.0,474005.0
49230,7587846.0,7587846.0,464188.0,464188.0
49233,2848085.0,2848085.0,162536.0,162536.0
49240,9506959.0,9506959.0,1117751.0,1117751.0
49241,6328083.0,6328083.0,800091.0,800091.0
49244,14203742.0,14203742.0,1301574.0,1301574.0
49245,7232814.0,7232814.0,558638.0,558638.0
49247,7497396.0,7497396.0,595145.0,595145.0
49248,24161422.0,24161422.0,1689271.0,1689271.0
49249,4854699.0,4854699.0,305919.0,305919.0
49250,4476665.0,4476665.0,261771.0,261771.0
49251,6311330.0,6311330.0,353388.0,353388.0
49254,7870598.0,7870598.0,458634.0,458634.0
49262,9225707.0,9225707.0,874916.0,874916.0
49263,11069277.0,11069277.0,926450.0,926450.0
49264,19049050.0,19049050.0,1571995.0,1571995.0
49265,14472927.0,14472927.0,1053630.0,1053630.0
49266,12130489.0,12130489.0,726485.0,726485.0
49267,12189938.0,12189938.0,811922.0,811922.0
49268,11210013.0,11210013.0,704169.0,704169.0
49270,7046090.0,7046090.0,403375.0,403375.0
49307,19375134.0,19375134.0,1738676.0,1738676.0
49308,5919948.0,5919948.0,535006.0,535006.0
49309,9198700.0,9198700.0,761002.0,761002.0
49310,10179607.0,10179607.0,841813.0,841813.0
49311,3406599.0,3406599.0,262919.0,262919.0
49312,22972567.0,22972567.0,1718172.0,1718172.0
49313,4560746.0,4560746.0,325394.0,325394.0
49314,18559819.0,18559819.0,1350758.0,1350758.0
49316,7677727.0,7677727.0,531404.0,531404.0
49317,4035546.0,4035546.0,231755.0,231755.0
49324,13215180.0,13215180.0,2118296.0,2118296.0
49329,9220319.0,9220319.0,695883.0,695883.0
49330,7510882.0,7510882.0,564173.0,564173.0
49331,30978759.0,30978759.0,2218589.0,2218589.0
49337,11967743.0,11967743.0,2102025.0,2102025.0
49339,3400393.0,3400393.0,337862.0,337862.0
49340,5419591.0,5419591.0,529573.0,529573.0
49341,5676866.0,5676866.0,561580.0,561580.0
49345,14425818.0,14425818.0,1107398.0,1107398.0
49346,4703250.0,4703250.0,369143.0,369143.0
49347,4306049.0,4306049.0,307016.0,307016.0
49348,11273187.0,11273187.0,765491.0,765491.0
49349,8338493.0,8338493.0,563792.0,563792.0
49351,4187556.0,4187556.0,285156.0,285156.0
49352,20492695.0,20492695.0,1308484.0,1308484.0
49356,15659511.0,15659511.0,2622753.0,2622753.0
49358,8250633.0,8250633.0,1186517.0,1186517.0
49359,17919272.0,17919272.0,1678662.0,1678662.0
49360,12892043.0,12892043.0,1077377.0,1077377.0
49361,4387890.0,4387890.0,338940.0,338940.0
49362,5354453.0,5354453.0,380380.0,380380.0
49365,19179501.0,19179501.0,1314295.0,1314295.0
49366,16020808.0,16020808.0,1013413.0,1013413.0
49367,23778245.0,23778245.0,1465866.0,1465866.0
49368,6271713.0,6271713.0,362884.0,362884.0
49369,7269927.0,7269927.0,372767.0,372767.0
49374,1149045.0,1149045.0,164047.0,164047.0
49376,10901037.0,10901037.0,953682.0,953682.0
49377,10043527.0,10043527.0,819563.0,819563.0
49378,14117453.0,14117453.0,1231224.0,1231224.0
49379,7232571.0,7232571.0,520283.0,520283.0
49380,14214788.0,14214788.0,1028086.0,1028086.0
49381,10533780.0,10533780.0,714786.0,714786.0
49382,13783974.0,13783974.0,917678.0,917678.0
49383,4873316.0,4873316.0,315580.0,315580.0
49384,4685705.0,4685705.0,287584.0,287584.0
49385,10855427.0,10855427.0,678283.0,678283.0
49390,11148735.0,11148735.0,792647.0,792647.0
49432,5431072.0,5431072.0,700201.0,700201.0
49433,22961681.0,22961681.0,2118437.0,2118437.0
49434,30908507.0,30908507.0,2304333.0,2304333.0
49435,8086185.0,8086185.0,408242.0,408242.0
49437,5213412.0,5213412.0,328896.0,328896.0
49438,23319207.0,23319207.0,1492844.0,1492844.0
49439,4871682.0,4871682.0,285440.0,285440.0
49440,5216020.0,5216020.0,301572.0,301572.0
49445,3357134.0,3357134.0,622038.0,622038.0
49446,6513701.0,6513701.0,1114713.0,1114713.0
49447,15314569.0,15314569.0,1916754.0,1916754.0
49448,11070795.0,11070795.0,1022288.0,1022288.0
49449,3614087.0,3614087.0,305024.0,305024.0
49451,16928439.0,16928439.0,1412904.0,1412904.0
49452,11850034.0,11850034.0,888905.0,888905.0
49453,13407456.0,13407456.0,962297.0,962297.0
49454,8513342.0,8513342.0,613416.0,613416.0
49455,3141683.0,3141683.0,216435.0,216435.0
49456,8167809.0,8167809.0,563713.0,563713.0
49457,12474065.0,12474065.0,812462.0,812462.0
49464,12100325.0,12100325.0,1769788.0,1769788.0
49466,8457152.0,8457152.0,1107379.0,1107379.0
49468,12330853.0,12330853.0,1219662.0,1219662.0
49652,3835162.0,3835162.0,587745.0,587745.0
49653,7488095.0,7488095.0,906789.0,906789.0
49655,25390185.0,25390185.0,3078331.0,3078331.0
49656,15384814.0,15384814.0,1338905.0,1338905.0
49658,3543926.0,3543926.0,307851.0,307851.0
49659,13996355.0,13996355.0,1223818.0,1223818.0
49660,7380976.0,7380976.0,648426.0,648426.0
49661,10588492.0,10588492.0,934046.0,934046.0
49662,7480024.0,7480024.0,516352.0,516352.0
49664,7333111.0,7333111.0,508747.0,508747.0
49736,2427482.0,2427482.0,292956.0,292956.0
49737,4605127.0,4605127.0,516505.0,516505.0
49742,5840422.0,5840422.0,,
49743,7079265.0,7079265.0,572686.0,572686.0
49749,8448668.0,8448668.0,559098.0,559098.0
49751,22473878.0,22473878.0,,
49752,5495106.0,5495106.0,303917.0,303917.0
49756,4755626.0,4755626.0,713449.0,713449.0
49758,8485534.0,8485534.0,1032836.0,1032836.0
49760,10356250.0,10356250.0,1012353.0,1012353.0
49761,3379306.0,3379306.0,329080.0,329080.0
49762,2657832.0,2657832.0,259077.0,259077.0
49919,8011174.0,8011174.0,986776.0,986776.0
49922,20007367.0,20007367.0,1970472.0,1970472.0
49923,27970279.0,27970279.0,2481064.0,2481064.0
49925,6441777.0,6441777.0,518832.0,518832.0
49926,10432577.0,10432577.0,843369.0,843369.0
49928,2370127.0,2370127.0,191610.0,191610.0
49930,2542074.0,2542074.0,208387.0,208387.0
49934,15185765.0,15185765.0,1087459.0,1087459.0
49959,5642748.0,5642748.0,707603.0,707603.0
49962,7939969.0,7939969.0,743729.0,743729.0
49964,8752425.0,8752425.0,819449.0,819449.0
49966,10068772.0,10068772.0,847962.0,847962.0
49967,7576039.0,7576039.0,660169.0,660169.0
49968,18554891.0,18554891.0,1573515.0,1573515.0
49969,31060911.0,31060911.0,2348973.0,2348973.0
49970,30037265.0,30037265.0,2150377.0,2150377.0
50033,2111610.0,2111610.0,325903.0,325903.0
50034,16665099.0,16665099.0,1481337.0,1481337.0
50036,7910096.0,7910096.0,463268.0,463268.0
50045,18653088.0,18653088.0,962571.0,962571.0
50046,9324979.0,9324979.0,256753.0,256753.0
50047,10761179.0,10761179.0,291034.0,291034.0
50068,9019946.0,9019946.0,1125901.0,1125901.0
50070,5958896.0,5958896.0,293056.0,293056.0
50073,5343639.0,5343639.0,221263.0,221263.0
50076,7184061.0,7184061.0,467928.0,467928.0
50253,4533611.0,4533611.0,379042.0,379042.0
50262,22330396.0,22330396.0,1057821.0,1057821.0
50283,30412310.0,30412310.0,1786389.0,1786389.0
50330,14707911.0,14707911.0,799254.0,799254.0
50343,19057278.0,19057278.0,789269.0,789269.0
50356,9260566.0,9260566.0,460711.0,460711.0
50376,18711394.0,18711394.0,503831.0,503831.0
50463,11250417.0,11250417.0,1104168.0,1104168.0
50464,29422547.0,29422547.0,2053472.0,2053472.0
50465,9225889.0,9225889.0,176886.0,176886.0
50466,28170516.0,28170516.0,871631.0,871631.0
50467,6539441.0,6539441.0,79506.0,79506.0
50468,10392180.0,10392180.0,172527.0,172527.0
50470,6221669.0,6221669.0,67860.0,67860.0
50471,3020760.0,3020760.0,29153.0,29153.0
50483,4893147.0,4893147.0,129596.0,129596.0
50491,9437330.0,9437330.0,238994.0,238994.0
50492,19278068.0,19278068.0,645114.0,645114.0
50496,29277510.0,29277510.0,845167.0,845167.0
50497,23428694.0,23428694.0,461143.0,461143.0
50500,28402419.0,28402419.0,666332.0,666332.0
50501,23108657.0,23108657.0,421136.0,421136.0
50520,10062240.0,10062240.0,260444.0,260444.0
50522,4997062.0,4997062.0,79999.0,79999.0
50526,10404866.0,10404866.0,726567.0,726567.0
50527,5299685.0,5299685.0,140630.0,140630.0
50528,8720814.0,8720814.0,118859.0,118859.0
50529,18172228.0,18172228.0,553894.0,553894.0
50531,2856399.0,2856399.0,21919.0,21919.0
50535,4986312.0,4986312.0,112015.0,112015.0
50536,19930336.0,19930336.0,308719.0,308719.0
50546,6380290.0,6380290.0,778529.0,778529.0
50548,9794805.0,9794805.0,999191.0,999191.0
50549,10512785.0,10512785.0,822327.0,822327.0
50550,14094925.0,14094925.0,938068.0,938068.0
50551,8876317.0,8876317.0,126149.0,126149.0
50554,14340330.0,14340330.0,785447.0,785447.0
50561,7802872.0,7802872.0,744737.0,744737.0
50563,4242083.0,4242083.0,347932.0,347932.0
50564,3433920.0,3433920.0,282051.0,282051.0
50569,4448901.0,4448901.0,301082.0,301082.0
50599,18140912.0,18140912.0,1441621.0,1441621.0
50600,9616515.0,9616515.0,644589.0,644589.0
50601,6388616.0,6388616.0,438711.0,438711.0
50602,9515206.0,9515206.0,661492.0,661492.0
50603,26415850.0,26415850.0,1823536.0,1823536.0
50605,9564755.0,9564755.0,549982.0,549982.0
50606,18267614.0,18267614.0,1059335.0,1059335.0
50607,4967483.0,4967483.0,290249.0,290249.0
50613,12136019.0,12136019.0,1389414.0,1389414.0
50615,4594542.0,4594542.0,463944.0,463944.0
50650,2071584.0,2071584.0,253455.0,253455.0
50655,4654500.0,4654500.0,303548.0,303548.0
50658,20803182.0,20803182.0,1236452.0,1236452.0
50660,4848851.0,4848851.0,264467.0,264467.0
50661,2496328.0,2496328.0,,
50662,5466096.0,5466096.0,299346.0,299346.0
50663,10884839.0,10884839.0,600876.0,600876.0
50664,10956416.0,10956416.0,607561.0,607561.0
50666,3029624.0,3029624.0,169543.0,169543.0
50668,19368556.0,19368556.0,1105986.0,1105986.0
50670,3304612.0,3304612.0,152411.0,152411.0
50671,9594614.0,9594614.0,463974.0,463974.0
50673,7345930.0,7345930.0,303956.0,303956.0
50674,9788347.0,9788347.0,409842.0,409842.0
50676,4315760.0,4315760.0,176958.0,176958.0
50677,5138270.0,5138270.0,206073.0,206073.0
50853,6013778.0,6013778.0,,
50857,26837730.0,26837730.0,1552732.0,1552732.0
50874,12855599.0,12855599.0,965089.0,965089.0
50875,9162522.0,9162522.0,,
50885,9217707.0,9217707.0,,
50886,6559077.0,6559077.0,,
50887,3343380.0,3343380.0,,
50889,1912527.0,1912527.0,235272.0,235272.0
50897,4628059.0,4628059.0,367620.0,367620.0
50962,6728178.0,6728178.0,585917.0,585917.0
50965,5658028.0,5658028.0,486106.0,486106.0
50969,9895779.0,9895779.0,698115.0,698115.0
50981,16650092.0,16650092.0,1165572.0,1165572.0
50987,12610015.0,12610015.0,767212.0,767212.0
50992,10360232.0,10360232.0,605154.0,605154.0
50996,11151229.0,11151229.0,654131.0,654131.0
51012,11497192.0,11497192.0,583271.0,583271.0
51015,15793695.0,15793695.0,807264.0,807264.0
51093,2508048.0,2508048.0,293789.0,293789.0
51095,1211759.0,1211759.0,249329.0,249329.0
51152,5301474.0,5301474.0,366354.0,366354.0
51154,2825768.0,2825768.0,197797.0,197797.0
51160,13552126.0,13552126.0,741325.0,741325.0
51161,25410270.0,25410286.0,1408072.0,1408072.0
51162,10510045.0,10510045.0,433277.0,433277.0
51163,2806513.0,2806513.0,115238.0,115238.0
51166,3003863.0,3003863.0,126434.0,126434.0
51167,9892852.0,9892852.0,414500.0,414500.0
51171,8923585.0,8923585.0,479573.0,479573.0
51172,2699915.0,2699915.0,163856.0,163856.0
51176,7469822.0,7469822.0,293495.0,293495.0
51177,3350468.0,3350468.0,150626.0,150626.0
51179,7308909.0,7308909.0,419164.0,419164.0
51183,3520043.0,3520043.0,177166.0,177166.0
51188,6233742.0,6233742.0,312057.0,312057.0
51200,6685260.0,6685260.0,,
51201,9839336.0,9839336.0,,
51202,7864789.0,7864789.0,,
51208,10339450.0,10339450.0,744905.0,744905.0
51209,14457465.0,14457465.0,852596.0,852596.0
51210,13491292.0,13491292.0,786944.0,786944.0
51211,15223192.0,15223192.0,847462.0,847462.0
51212,27647522.0,27647522.0,1372222.0,1372222.0
51213,3767806.0,3767806.0,174035.0,174035.0
51214,5914865.0,5914865.0,268593.0,268593.0
51215,22480539.0,22480539.0,1049415.0,1049415.0
51220,8209607.0,8209607.0,1354915.0,1354915.0
51222,12226380.0,12226380.0,1549739.0,1549739.0
51225,5992103.0,5992103.0,467361.0,467361.0
51229,11366724.0,11366724.0,610913.0,610913.0
51230,8005579.0,8005579.0,399300.0,399300.0
51234,26155412.0,26155412.0,4211283.0,4211283.0
51236,8955234.0,8955234.0,831644.0,831644.0
51237,7500300.0,7500300.0,,
